{"\ubc15\ud76c\uc740": 7.684135913848877, "\uae40\uc2dc\uc601": 8.003850936889648}